{"batch_loss": 0.012459425255656242, "_timestamp": 1705707687.598278, "_runtime": 817.2665579319, "_step": 397, "epoch_loss": 0.02167394951061167, "_wandb": {"runtime": 816}}