{"batch_loss": 0.8413811922073364, "_timestamp": 1705708851.0787084, "_runtime": 12.541320323944092, "_step": 0, "_wandb": {"runtime": 13}}