{"batch_loss": 0.33731523156166077, "_timestamp": 1705708770.4258568, "_runtime": 15.8419349193573, "_step": 0, "_wandb": {"runtime": 18}}