{"batch_loss": 0.019765859469771385, "_timestamp": 1705711318.556202, "_runtime": 782.007917881012, "_step": 352, "epoch_loss": 0.022677770910100845, "val_loss": 0.12672053780406714, "_wandb": {"runtime": 781}}