{"batch_loss": 0.9266802072525024, "_timestamp": 1705708935.9138482, "_runtime": 20.418349266052246, "_step": 4, "_wandb": {"runtime": 21}}