{"batch_loss": 0.0402553491294384, "_timestamp": 1705709835.8246086, "_runtime": 336.88660764694214, "_step": 157, "_wandb": {"runtime": 337}}